<?xml version="1.0" encoding="UTF-8"?>
<java version="1.7.0_151" class="java.beans.XMLDecoder">
 <object class="java.util.ArrayList">
  <void method="add">
   <object class="ImageModel">
    <void property="couleur">
     <object class="Couleur">
      <void property="alpha">
       <int>255</int>
      </void>
      <void property="blue">
       <int>128</int>
      </void>
      <void property="green">
       <int>112</int>
      </void>
      <void property="red">
       <int>103</int>
      </void>
     </object>
    </void>
    <void property="note">
     <int>1</int>
    </void>
    <void property="tags">
     <object class="java.util.ArrayList"/>
    </void>
    <void property="temps">
     <long>1521817820576</long>
    </void>
    <void property="titre">
     <string>gaudi</string>
    </void>
   </object>
  </void>
  <void method="add">
   <object class="ImageModel">
    <void property="couleur">
     <object class="Couleur">
      <void property="alpha">
       <int>255</int>
      </void>
      <void property="blue">
       <int>156</int>
      </void>
      <void property="green">
       <int>58</int>
      </void>
      <void property="red">
       <int>56</int>
      </void>
     </object>
    </void>
    <void property="note">
     <int>1</int>
    </void>
    <void property="tags">
     <object class="java.util.ArrayList"/>
    </void>
    <void property="temps">
     <long>1521817820631</long>
    </void>
    <void property="titre">
     <string>cellules</string>
    </void>
   </object>
  </void>
  <void method="add">
   <object class="ImageModel">
    <void property="couleur">
     <object class="Couleur">
      <void property="alpha">
       <int>255</int>
      </void>
      <void property="blue">
       <int>19</int>
      </void>
      <void property="green">
       <int>93</int>
      </void>
      <void property="red">
       <int>79</int>
      </void>
     </object>
    </void>
    <void property="note">
     <int>1</int>
    </void>
    <void property="tags">
     <object class="java.util.ArrayList"/>
    </void>
    <void property="temps">
     <long>1521817820683</long>
    </void>
    <void property="titre">
     <string>lucane</string>
    </void>
   </object>
  </void>
  <void method="add">
   <object class="ImageModel">
    <void property="couleur">
     <object class="Couleur">
      <void property="alpha">
       <int>255</int>
      </void>
      <void property="blue">
       <int>142</int>
      </void>
      <void property="green">
       <int>152</int>
      </void>
      <void property="red">
       <int>182</int>
      </void>
     </object>
    </void>
    <void property="note">
     <int>1</int>
    </void>
    <void property="tags">
     <object class="java.util.ArrayList"/>
    </void>
    <void property="temps">
     <long>1521817820734</long>
    </void>
    <void property="titre">
     <string>personnes</string>
    </void>
   </object>
  </void>
  <void method="add">
   <object class="ImageModel">
    <void property="couleur">
     <object class="Couleur">
      <void property="alpha">
       <int>255</int>
      </void>
      <void property="blue">
       <int>107</int>
      </void>
      <void property="green">
       <int>115</int>
      </void>
      <void property="red">
       <int>98</int>
      </void>
     </object>
    </void>
    <void property="note">
     <int>6</int>
    </void>
    <void property="tags">
     <object class="java.util.ArrayList"/>
    </void>
    <void property="temps">
     <long>1521817820788</long>
    </void>
    <void property="titre">
     <string>bretagne</string>
    </void>
   </object>
  </void>
  <void method="add">
   <object class="ImageModel">
    <void property="couleur">
     <object class="Couleur">
      <void property="alpha">
       <int>255</int>
      </void>
      <void property="blue">
       <int>32</int>
      </void>
      <void property="green">
       <int>47</int>
      </void>
      <void property="red">
       <int>57</int>
      </void>
     </object>
    </void>
    <void property="note">
     <int>1</int>
    </void>
    <void property="tags">
     <object class="java.util.ArrayList"/>
    </void>
    <void property="temps">
     <long>1521817820834</long>
    </void>
    <void property="titre">
     <string>espace</string>
    </void>
   </object>
  </void>
  <void method="add">
   <object class="ImageModel">
    <void property="couleur">
     <object class="Couleur">
      <void property="alpha">
       <int>255</int>
      </void>
      <void property="blue">
       <int>67</int>
      </void>
      <void property="green">
       <int>76</int>
      </void>
      <void property="red">
       <int>68</int>
      </void>
     </object>
    </void>
    <void property="note">
     <int>1</int>
    </void>
    <void property="tags">
     <object class="java.util.ArrayList"/>
    </void>
    <void property="temps">
     <long>1521817820883</long>
    </void>
    <void property="titre">
     <string>sport</string>
    </void>
   </object>
  </void>
  <void method="add">
   <object class="ImageModel">
    <void property="couleur">
     <object class="Couleur">
      <void property="alpha">
       <int>255</int>
      </void>
      <void property="blue">
       <int>58</int>
      </void>
      <void property="green">
       <int>115</int>
      </void>
      <void property="red">
       <int>134</int>
      </void>
     </object>
    </void>
    <void property="note">
     <int>1</int>
    </void>
    <void property="tags">
     <object class="java.util.ArrayList"/>
    </void>
    <void property="temps">
     <long>1521817820930</long>
    </void>
    <void property="titre">
     <string>tigre</string>
    </void>
   </object>
  </void>
  <void method="add">
   <object class="ImageModel">
    <void property="couleur">
     <object class="Couleur">
      <void property="alpha">
       <int>255</int>
      </void>
      <void property="blue">
       <int>169</int>
      </void>
      <void property="green">
       <int>162</int>
      </void>
      <void property="red">
       <int>139</int>
      </void>
     </object>
    </void>
    <void property="note">
     <int>5</int>
    </void>
    <void property="tags">
     <object class="java.util.ArrayList"/>
    </void>
    <void property="temps">
     <long>1521817820976</long>
    </void>
    <void property="titre">
     <string>paris</string>
    </void>
   </object>
  </void>
 </object>
</java>
